"ID","Age.x","Sex","Date","Partner_order","Adult","Partner_age","Partner_sex","How","Related","Relationship","AtCamp","Preferred","Unpreferred","Post_camp","Age.y"
577,12,"M","11-Jan",1,"No","13","M","School","No","Unrelated","No","Yes","No","No",12
577,12,"M","11-Jan",2,"No","12","M","School","No","Unrelated","No","No","No","No",12
577,12,"M","11-Jan",3,"No","11","M","ThroughFamily","No","Unrelated","No","No","No","No",12
577,12,"M","11-Jan",4,"No","11","M","Neighbors","No","Unrelated","No","Yes","No","No",12
577,12,"M","11-Jan",5,"No","14","F","School","No","Unrelated","No","No","No","No",12
895,7,"F","10-Jan",1,"No","7","F","School","No","Unrelated","No","Yes","No","No",7
895,7,"F","10-Jan",2,"No","6","M","School","No","Unrelated","No","No","No","No",7
895,7,"F","10-Jan",3,"No","6","F","Family","Yes","Extended","No","Yes","No","No",7
895,7,"F","10-Jan",4,"No","7","M","School","No","Unrelated","No","No","Yes","No",7
895,7,"F","10-Jan",5,"No","6","M","School","No","Unrelated","No","No","No","No",7
894,12,"M","10-Jan",1,"No","8","M","School","No","Unrelated","No","No","No","No",12
894,12,"M","10-Jan",2,"No","8","M","School","No","Unrelated","No","No","No","No",12
894,12,"M","10-Jan",3,"No","8","M","School","No","Unrelated","No","No","No","No",12
925,7,"F","10-Jan",1,"No","7","F","School","No","Unrelated","No","No","No","No",7
925,7,"F","10-Jan",2,"No","8","M","School","No","Unrelated","No","Yes","No","No",7
925,7,"F","10-Jan",3,"No","5","F","School","No","Unrelated","No","No","No","No",7
403,8,"F","10-Jan",1,"No","8","F","School","No","Unrelated","No","No","No","No",8
403,8,"F","10-Jan",2,"No","8","F","School","No","Unrelated","No","No","No","No",8
681,9,"M","10-Jan",1,"No","8","M","School","No","Unrelated","No","Yes","No","No",9
681,9,"M","10-Jan",2,"No","9","M","School","No","Unrelated","No","No","No","No",9
681,9,"M","10-Jan",3,"No","12","M","School","No","Unrelated","Yes","No","No","No",9
681,9,"M","10-Jan",4,"No","9","M","School","No","Unrelated","No","No","No","No",9
914,13,"M","9-Jan",1,"No","14","M","School","No","Unrelated","No","Yes","No","No",NA
914,13,"M","9-Jan",2,"No","17","M","Family","Yes","Extended","No","No","No","No",NA
914,13,"M","9-Jan",3,"No","12","F","Family","Yes","Extended","No","No","No","No",NA
914,13,"M","9-Jan",4,"No","13","F","School","No","Unrelated","No","No","No","No",NA
914,13,"M","9-Jan",5,"No","13","M","School","No","Unrelated","No","No","No","No",NA
914,13,"M","9-Jan",6,"No","17","M","ThroughFamily","No","Unrelated","No","No","No","No",NA
914,13,"M","9-Jan",7,"No","15","M","Family","Yes","Immediate","No","No","No","No",NA
578,9,"F","9-Jan",1,"No","8","F","School","No","Unrelated","No","Yes","No","No",9
578,9,"F","9-Jan",2,"No","9","F","School","No","Unrelated","No","No","No","No",9
578,9,"F","9-Jan",3,"No","8","F","School","No","Unrelated","No","No","No","No",9
646,13,"F","9-Jan",1,"No","12","F","Neighbors","No","Unrelated","No","Yes","No","No",13
646,13,"F","9-Jan",2,"No","11","F","ThroughFamily","No","Unrelated","No","Yes","No","No",13
957,6,"M","9-Jan",1,"No","8","M","Family","Yes","Immediate","Yes","No","No","No",6
958,8,"M","9-Jan",1,"No","6","M","Family","Yes","Immediate","Yes","No","No","No",8
956,11,"F","9-Jan",1,"No","11","F","School","No","Unrelated","No","No","No","No",11
956,11,"F","9-Jan",2,"No","11","F","School","No","Unrelated","No","No","No","No",11
956,11,"F","9-Jan",3,"No","8","F","Family","Yes","Extended","Yes","No","No","No",11
956,11,"F","9-Jan",4,"No","9","F","Family","Yes","Extended","Yes","No","No","No",11
979,9,"F","9-Jan",1,"No","9","F","School","No","Unrelated","No","No","No","No",9
979,9,"F","9-Jan",2,"No","9","F","Family","Yes","Extended","Yes","Yes","No","No",9
979,9,"F","9-Jan",3,"No","10","F","Family","Yes","Extended","No","No","No","No",9
979,9,"F","9-Jan",4,"No","10","F","School","No","Unrelated","No","No","No","No",9
979,9,"F","9-Jan",5,"No","8","F","Family","Yes","Extended","No","No","Yes","No",9
979,9,"F","9-Jan",6,"No","14","M","Family","Yes","Extended","No","No","No","No",9
979,9,"F","9-Jan",7,"No","12","F","Family","Yes","Extended","No","No","No","No",9
979,9,"F","9-Jan",8,"No","14","F","Family","Yes","Immediate","No","No","No","No",9
946,9,"F","9-Jan",1,"No","9","F","School","No","Unrelated","No","No","No","No",9
946,9,"F","9-Jan",2,"No","8","F","School","No","Unrelated","No","No","No","No",9
946,9,"F","9-Jan",3,"No","9","F","School","No","Unrelated","No","No","No","No",9
946,9,"F","9-Jan",4,"No","9","F","School","No","Unrelated","No","No","No","No",9
946,9,"F","9-Jan",5,"No","10","F","Family","Yes","Extended","No","Yes","No","No",9
661,11,"F","9-Jan",1,"No","11","F","School","No","Unrelated","No","No","No","No",11
661,11,"F","9-Jan",2,"No","11","F","School","No","Unrelated","No","No","No","No",11
661,11,"F","9-Jan",3,"No","11","F","School","No","Unrelated","No","Yes","No","No",11
661,11,"F","9-Jan",4,"No","7","M","Family","Yes","Immediate","Yes","No","No","No",11
662,7,"M","9-Jan",1,"No","12","M","Neighbors","No","Unrelated","No","Yes","No","No",7
662,7,"M","9-Jan",2,"No","8","M","Neighbors","No","Unrelated","No","Yes","No","No",7
662,7,"M","9-Jan",3,"No","6","M","Neighbors","No","Unrelated","No","No","No","No",7
662,7,"M","9-Jan",4,"No","6","F","Neighbors","No","Unrelated","No","No","No","No",7
662,7,"M","9-Jan",5,"No","4","M","Neighbors","No","Unrelated","No","No","No","No",7
662,7,"M","9-Jan",6,"No","4","M","Neighbors","No","Unrelated","No","No","No","No",7
662,7,"M","9-Jan",7,"No","2","F","Neighbors","No","Unrelated","No","No","No","No",7
662,7,"M","9-Jan",8,"No","9","M","Neighbors","Yes","Extended","No","No","No","No",7
921,6,"M","8-Jan",1,"No","10","M","Family","Yes","Immediate","Yes","Yes","No","No",6
986,10,"F","8-Jan",1,"No","9","M","School","No","Unrelated","No","Yes","No","No",10
986,10,"F","8-Jan",2,"No","9","F","School","No","Unrelated","No","Yes","No","No",10
986,10,"F","8-Jan",3,"No","9","F","School","No","Unrelated","No","Yes","No","No",10
985,7,"F","8-Jan",1,"No","18","M","Family","Yes","Extended","No","No","No","No",7
985,7,"F","8-Jan",2,"No","13","M","Family","Yes","Immediate","No","No","No","No",7
743,7,"M","8-Jan",1,"No","5","M","Neighbors","No","Unrelated","Yes","Yes","No","No",7
920,11,"M","8-Jan",1,"No","11","M","School","No","Unrelated","No","Yes","No","No",11
920,11,"M","8-Jan",2,"No","11","M","School","No","Unrelated","No","Yes","No","No",11
920,11,"M","8-Jan",3,"No","11","M","School","No","Unrelated","No","No","No","No",11
920,11,"M","8-Jan",4,"No","12","F","School","No","Unrelated","No","No","No","No",11
920,11,"M","8-Jan",5,"No","12","M","School","Yes","Extended","No","Yes","No","No",11
922,8,"F","8-Jan",1,"No","9","F","Recreation","No","Unrelated","Yes","Yes","No","No",8
695,9,"F","8-Jan",1,"No","8","F","School","No","Unrelated","Yes","Yes","No","No",9
695,9,"F","8-Jan",2,"No","9","F","School","No","Unrelated","No","No","No","No",9
695,9,"F","8-Jan",3,"No","8","F","School","No","Unrelated","No","No","No","No",9
695,9,"F","8-Jan",4,"No","9","F","School","No","Unrelated","No","No","No","No",9
927,12,"M","12-Jan",1,"No","12","M","Recreation","No","Unrelated","No","Yes","No","No",12
589,10,"F","12-Jan",1,"Yes","Adult","F","Family","Yes","Immediate","No","No","No","No",10
682,13,"F","12-Jan",1,"No","15","M","School","No","Unrelated","No","No","No","No",13
682,13,"F","12-Jan",2,"No","13","F","School","No","Unrelated","No","No","No","No",13
682,13,"F","12-Jan",3,"No","15","F","School","No","Unrelated","No","No","No","No",13
682,13,"F","12-Jan",4,"No","13","F","School","No","Unrelated","No","No","No","No",13
682,13,"F","12-Jan",5,"No","15","M","School","No","Unrelated","No","Yes","No","No",13
590,8,"F","13-Jan",1,"No","8","F","ThroughFamily","No","Unrelated","No","Yes","No","No",8
696,11,"F","13-Jan",1,"No","12","F","ThroughFriend","No","Unrelated","Yes","Yes","No","No",11
419,6,"M","15-Jan",1,"No","7","M","School","No","Unrelated","Yes","No","No","No",6
419,6,"M","15-Jan",2,"No","7","M","School","No","Unrelated","Yes","No","No","No",6
419,6,"M","15-Jan",3,"No","6","M","School","Yes","Extended","Yes","Yes","No","No",6
964,12,"M","15-Jan",1,"No","13","M","Neighbors","No","Unrelated","No","Yes","No","No",12
964,12,"M","15-Jan",2,"No","10","M","School","Yes","Extended","No","Yes","No","No",12
964,12,"M","15-Jan",3,"No","9","M","ThroughFriend","No","Unrelated","No","Yes","No","No",12
964,12,"M","15-Jan",4,"No","12","M","School","No","Unrelated","No","Yes","No","No",12
964,12,"M","15-Jan",5,"No","9","M","School","No","Unrelated","No","Yes","No","No",12
929,12,"M","15-Jan",1,"No","12","M","Recreation","No","Unrelated","No","No","No","No",12
929,12,"M","15-Jan",2,"No","10","M","Recreation","No","Unrelated","No","Yes","No","No",12
895,11,"F","15-Jan",1,"No","11","F","Church","No","Unrelated","No","Yes","No","No",7
895,11,"F","15-Jan",2,"No","10","F","Church","No","Unrelated","No","No","No","No",7
895,11,"F","15-Jan",3,"No","12","F","Church","No","Unrelated","No","No","No","No",7
408,10,"M","15-Jan",1,"No","10","M","Recreation","Yes","Extended","No","Yes","No","No",10
408,10,"M","15-Jan",2,"No","11","M","Family","Yes","Extended","No","Yes","No","No",10
407,13,"F","15-Jan",1,"No","13","F","School","No","Unrelated","No","Yes","No","No",13
409,8,"F","15-Jan",1,"No","8","M","Family","Yes","Extended","No","Yes","No","No",8
409,8,"F","15-Jan",2,"No","5","M","Family","Yes","Extended","No","Yes","Yes","No",8
409,8,"F","15-Jan",3,"No","2","F","Family","Yes","Extended","Yes","Yes","No","No",8
967,7,"F","15-Jan",1,"No","10","M","Family","Yes","Extended","Yes","Yes","No","No",7
967,7,"F","15-Jan",2,"Yes","Adult","F","Family","Yes","Immediate","No","No","No","No",7
968,10,"M","15-Jan",1,"No","10","M","School","No","Unrelated","No","Yes","No","No",10
969,16,"F","15-Jan",1,"No","7","F","Family","Yes","Extended","Yes","No","No","No",16
969,16,"F","15-Jan",2,"No","15","F","School","No","Unrelated","No","Yes","No","No",16
417,11,"F","15-Jan",1,"No","11","F","School","No","Unrelated","Yes","Yes","No","No",11
418,8,"F","15-Jan",1,"No","8","F","AroundTown","No","Unrelated","Yes","Yes","No","No",8
655,7,"M","16-Jan",1,"No","13","M","ThroughFamily","No","Unrelated","No","No","No","No",7
655,7,"M","16-Jan",2,"No","13","M","ThroughFamily","No","Unrelated","No","No","No","No",7
655,7,"M","16-Jan",3,"No","8","M","Neighbors","No","Unrelated","No","No","Yes","No",7
655,7,"M","16-Jan",4,"No","13","M","Family","Yes","Immediate","No","No","No","No",7
655,7,"M","16-Jan",5,"No","0","F","Family","Yes","Immediate","No","No","No","No",7
727,11,"F","16-Jan",1,"No","10","M","School","No","Unrelated","No","Yes","No","No",11
451,10,"M","16-Jan",1,"No","16","M","Family","Yes","Extended","No","Yes","No","No",10
451,10,"M","16-Jan",2,"No","12","M","School","Yes","Extended","No","No","No","No",10
451,10,"M","16-Jan",3,"No","13","M","Recreation","Yes","Extended","No","No","No","No",10
451,10,"M","16-Jan",4,"No","12","M","Recreation","No","Unrelated","No","Yes","No","No",10
451,10,"M","16-Jan",5,"No","12","M","Recreation","Yes","Extended","No","Yes","No","No",10
451,10,"M","16-Jan",6,"No","12","M","Recreation","No","Unrelated","No","Yes","No","No",10
451,10,"M","16-Jan",7,"No","10","M","Recreation","No","Unrelated","No","No","No","No",10
451,10,"M","16-Jan",8,"No","11","F","ThroughFriend","No","Unrelated","No","No","No","No",10
673,11,"F","16-Jan",1,"No","11","F","School","No","Unrelated","Yes","Yes","No","No",11
673,11,"F","16-Jan",2,"No","11","M","TheirHouse","No","Unrelated","No","Yes","No","No",11
673,11,"F","16-Jan",3,"No","11","F","SinceChildhood","No","Unrelated","No","Yes","No","No",11
443,7,"M","16-Jan",1,"No","7","M","School","No","Unrelated","No","Yes","No","No",7
443,7,"M","16-Jan",2,"No","7","M","Recreation","No","Unrelated","No","Yes","No","No",7
443,7,"M","16-Jan",3,"No","7","M","School","No","Unrelated","Yes","Yes","No","No",7
443,7,"M","16-Jan",4,"No","6","M","School","No","Unrelated","No","Yes","No","No",7
443,7,"M","16-Jan",5,"No","7","M","Recreation","No","Unrelated","No","No","Yes","No",7
982,7,"F","16-Jan",1,"No","8","F","School","No","Unrelated","No","No","No","No",7
982,7,"F","16-Jan",2,"No","7","F","School","No","Unrelated","No","Yes","No","No",7
982,7,"F","16-Jan",3,"No","7","M","School","No","Unrelated","Yes","Yes","No","No",7
982,7,"F","16-Jan",4,"No","6","M","School","No","Unrelated","No","Yes","No","No",7
982,7,"F","16-Jan",5,"No","8","M","School","No","Unrelated","Yes","No","No","No",7
982,7,"F","16-Jan",6,"No","6","F","School","No","Unrelated","No","No","No","No",7
982,7,"F","16-Jan",7,"No","8","F","School","No","Unrelated","No","Yes","No","No",7
982,7,"F","16-Jan",8,"No","7","F","School","No","Unrelated","No","No","No","No",7
452,9,"F","16-Jan",1,"No","9","F","School","No","Unrelated","No","No","No","No",9
452,9,"F","16-Jan",2,"No","10","F","AroundTown","No","Unrelated","No","Yes","No","No",9
452,9,"F","16-Jan",3,"No","8","F","AroundTown","No","Unrelated","No","Yes","No","No",9
452,9,"F","16-Jan",4,"No","9","F","Recreation","No","Unrelated","No","No","No","No",9
452,9,"F","16-Jan",5,"No","10","M","School","No","Unrelated","No","No","No","No",9
452,9,"F","16-Jan",6,"No","8","F","AroundTown","No","Unrelated","No","Yes","No","No",9
693,9,"M","16-Jan",1,"No","12","M","ThroughFamily","No","Unrelated","Yes","Yes","No","No",9
693,9,"M","16-Jan",2,"No","9","M","School","No","Unrelated","No","No","No","No",9
893,7,"M","16-Jan",1,"No","7","M","Recreation","No","Unrelated","No","Yes","No","No",7
930,10,"F","16-Jan",1,"No","10","F","School","No","Unrelated","No","No","No","No",10
930,10,"F","16-Jan",2,"No","11","F","School","No","Unrelated","No","Yes","No","No",10
930,10,"F","16-Jan",3,"No","13","F","School","No","Unrelated","No","No","No","No",10
930,10,"F","16-Jan",4,"No","10","F","School","No","Unrelated","No","No","No","No",10
930,10,"F","16-Jan",5,"No","11","F","School","No","Unrelated","No","Yes","No","No",10
930,10,"F","16-Jan",6,"No","12","F","School","No","Unrelated","No","Yes","No","No",10
709,7,"M","16-Jan",1,"No","8","M","School","No","Unrelated","No","Yes","No","No",7
709,7,"M","16-Jan",2,"No","7","M","School","No","Unrelated","No","Yes","No","No",7
709,7,"M","16-Jan",3,"No","8","M","Recreation","No","Unrelated","No","Yes","No","No",7
709,7,"M","16-Jan",4,"No","8","M","School","No","Unrelated","No","Yes","No","No",7
709,7,"M","16-Jan",5,"No","6","M","Forgot","No","Unrelated","No","Yes","No","No",7
709,7,"M","16-Jan",6,"No","6","M","School","No","Unrelated","No","Yes","No","No",7
721,8,"M","17-Jan",1,"No","7","M","School","No","Unrelated","No","Yes","No","No",8
719,10,"M","17-Jan",1,"Yes","Adult","F","Family","Yes","Immediate","No","Yes","No","No",10
719,10,"M","17-Jan",2,"Yes","Adult","M","Family","Yes","Immediate","No","Yes","No","No",10
719,10,"M","17-Jan",3,"No","9","F","Family","Yes","Immediate","Yes","Yes","No","No",10
719,10,"M","17-Jan",4,"No","8","M","Family","Yes","Immediate","Yes","Yes","No","No",10
719,10,"M","17-Jan",5,"Yes","Adult","F","Family","Yes","Extended","No","Yes","No","No",10
720,9,"F","17-Jan",1,"No","9","F","School","No","Unrelated","No","Yes","No","No",9
720,9,"F","17-Jan",2,"No","8","F","School","No","Unrelated","No","Yes","No","No",9
720,9,"F","17-Jan",3,"No","9","F","School","No","Unrelated","No","Yes","No","No",9
720,9,"F","17-Jan",4,"No","8","F","School","No","Unrelated","No","Yes","No","No",9
720,9,"F","17-Jan",5,"No","9","F","School","No","Unrelated","No","No","Yes","No",9
720,9,"F","17-Jan",6,"No","8","F","School","No","Unrelated","No","Yes","Yes","No",9
414,14,"F","17-Jan",1,"No","10","F","Family","Yes","Extended","Yes","Yes","No","No",14
414,14,"F","17-Jan",2,"No","5","M","Family","Yes","Extended","Yes","Yes","No","No",14
414,14,"F","17-Jan",3,"No","8","F","Family","Yes","Extended","Yes","Yes","No","No",14
414,14,"F","17-Jan",4,"No","6","F","Family","Yes","Extended","Yes","Yes","No","No",14
415,7,"M","17-Jan",1,"No","7","F","Family","Yes","Extended","Yes","Yes","Yes","No",7
415,7,"M","17-Jan",2,"No","10","F","Family","Yes","Extended","Yes","Yes","No","No",7
415,7,"M","17-Jan",3,"No","6","M","Family","Yes","Extended","Yes","Yes","No","No",7
415,7,"M","17-Jan",4,"No","8","F","Family","Yes","Extended","Yes","Yes","No","No",7
415,7,"M","17-Jan",5,"No","13","F","Family","Yes","Immediate","Yes","Yes","No","No",7
415,7,"M","17-Jan",6,"No","18","F","Family","Yes","Immediate","No","Yes","No","No",7
415,7,"M","17-Jan",7,"No","16","M","Family","Yes","Immediate","No","Yes","No","No",7
415,7,"M","17-Jan",8,"No","0","M","Family","Yes","Extended","No","Yes","No","No",7
931,9,"F","17-Jan",1,"No","9","F","School","Yes","Extended","Yes","Yes","No","No",9
931,9,"F","17-Jan",2,"No","11","F","Church","Yes","Extended","No","Yes","No","No",9
931,9,"F","17-Jan",3,"No","11","F","Church","No","Unrelated","Yes","No","No","No",9
931,9,"F","17-Jan",4,"No","9","F","School","No","Unrelated","No","No","No","No",9
931,9,"F","17-Jan",5,"No","8","F","Family","Yes","Extended","Yes","No","No","No",9
431,8,"F","17-Jan",1,"No","8","F","School","No","Unrelated","No","No","No","No",8
431,8,"F","17-Jan",2,"No","8","F","School","No","Unrelated","No","No","No","No",8
431,8,"F","17-Jan",3,"No","8","M","Family","Yes","Extended","Yes","Yes","No","No",8
954,12,"F","17-Jan",1,"No","14","F","School","No","Unrelated","No","No","Yes","No",12
954,12,"F","17-Jan",2,"No","12","F","Neighbors","No","Unrelated","Yes","Yes","No","No",12
954,12,"F","17-Jan",3,"No","12","F","Recreation","No","Unrelated","No","Yes","No","No",12
430,11,"M","17-Jan",1,"No","12","M","ThroughFamily","No","Unrelated","No","No","No","No",11
430,11,"M","17-Jan",2,"No","10","M","Neighbors","No","Unrelated","No","Yes","No","No",11
430,11,"M","17-Jan",3,"No","12","M","Family","Yes","Extended","No","No","No","No",11
430,11,"M","17-Jan",4,"No","11","M","School","No","Unrelated","No","No","No","No",11
430,11,"M","17-Jan",5,"No","10","M","School","No","Unrelated","No","No","No","No",11
430,11,"M","17-Jan",6,"No","10","M","Neighbors","No","Unrelated","No","Yes","No","No",11
430,11,"M","17-Jan",7,"No","7","M","ThroughFamily","No","Unrelated","No","No","No","No",11
430,11,"M","17-Jan",8,"No","10","F","ThroughFamily","No","Unrelated","No","No","No","No",11
965,7,"M","18-Jan",1,"No","7","M","Recreation","No","Unrelated","Yes","Yes","No","No",7
965,7,"M","18-Jan",2,"No","6","M","School","No","Unrelated","No","Yes","No","No",7
965,7,"M","18-Jan",3,"No","7","M","School","No","Unrelated","Yes","Yes","No","No",7
965,7,"M","18-Jan",4,"No","5","M","School","No","Unrelated","No","No","Yes","No",7
565,16,"F","22-Jan",1,"No","15","F","Recreation","No","Unrelated","No","Yes","No","No",16
565,16,"F","22-Jan",2,"No","14","F","Recreation","No","Unrelated","No","Yes","No","No",16
565,16,"F","22-Jan",3,"No","17","F","Recreation","No","Unrelated","No","Yes","No","No",16
566,13,"M","22-Jan",1,"No","14","M","Recreation","No","Unrelated","No","No","No","No",13
566,13,"M","22-Jan",2,"No","15","M","Recreation","No","Unrelated","No","No","No","No",13
566,13,"M","22-Jan",3,"No","13","M","Recreation","No","Unrelated","No","No","No","No",13
566,13,"M","22-Jan",4,"No","14","M","Recreation","Yes","Extended","No","No","No","No",13
566,13,"M","22-Jan",5,"No","10","M","Recreation","No","Unrelated","No","No","No","No",13
566,13,"M","22-Jan",6,"No","12","M","Recreation","No","Unrelated","No","No","No","No",13
686,7,"F","22-Jan",1,"No","5","F","Family","Yes","Extended","No","No","No","No",7
686,7,"F","22-Jan",2,"No","0","F","Family","Yes","Immediate","No","No","No","No",7
426,15,"F","22-Jan",1,"No","15","F","ThroughFamily","No","Unrelated","No","Yes","No","No",15
426,15,"F","22-Jan",2,"No","15","F","School","No","Unrelated","No","Yes","No","No",15
426,15,"F","22-Jan",3,"No","13","F","Family","Yes","Extended","No","No","No","No",15
426,15,"F","22-Jan",4,"No","14","F","Church","No","Unrelated","No","Yes","No","No",15
426,15,"F","22-Jan",5,"No","13","F","Church","No","Unrelated","No","Yes","No","No",15
567,9,"M","22-Jan",1,"No","9","M","Neighbors","No","Unrelated","No","Yes","No","No",9
567,9,"M","22-Jan",2,"No","7","F","Family","Yes","Extended","No","No","No","No",9
567,9,"M","22-Jan",3,"No","6","M","Family","Yes","Extended","No","No","No","No",9
567,9,"M","22-Jan",4,"No","6","F","Family","Yes","Extended","No","No","No","No",9
567,9,"M","22-Jan",5,"No","12","F","Family","Yes","Extended","No","No","No","No",9
427,7,"M","22-Jan",1,"No","9","F","Neighbors","No","Unrelated","No","No","No","No",7
427,7,"M","22-Jan",2,"No","10","M","Family","Yes","Extended","No","Yes","No","No",7
427,7,"M","22-Jan",3,"No","5","M","Family","Yes","Immediate","No","No","No","No",7
871,11,"M","23-Jan",1,"No","11","F","School","No","Unrelated","Yes","Yes","No","No",11
871,11,"M","23-Jan",2,"No","10","M","School","No","Unrelated","No","Yes","No","No",11
871,11,"M","23-Jan",3,"No","10","F","Family","Yes","Extended","No","Yes","No","No",11
987,15,"M","23-Jan",1,"No","15","M","ThroughFamily","No","Unrelated","No","Yes","No","No",15
987,15,"M","23-Jan",2,"No","15","M","Family","Yes","Extended","No","No","Yes","No",15
987,15,"M","23-Jan",3,"No","15","M","ThroughFamily","No","Unrelated","No","No","No","No",15
987,15,"M","23-Jan",4,"No","15","M","ThroughFamily","No","Unrelated","No","No","No","No",15
987,15,"M","23-Jan",5,"No","16","M","ThroughFamily","No","Unrelated","No","Yes","No","No",15
987,15,"M","23-Jan",6,"No","15","M","School","No","Unrelated","No","No","No","No",15
987,15,"M","23-Jan",7,"No","13","M","School","No","Unrelated","No","No","No","No",15
987,15,"M","23-Jan",8,"No","15","M","School","No","Unrelated","No","Yes","No","No",15
382,12,"M","23-Jan",1,"No","10","M","Neighbors","No","Unrelated","No","Yes","No","No",NA
382,12,"M","23-Jan",2,"No","12","M","Family","Yes","Extended","No","Yes","No","No",NA
382,12,"M","23-Jan",3,"No","12","M","Neighbors","No","Unrelated","No","No","No","No",NA
382,12,"M","23-Jan",4,"No","9","M","Neighbors","No","Unrelated","No","No","Yes","No",NA
382,12,"M","23-Jan",5,"No","11","M","Neighbors","No","Unrelated","No","No","No","No",NA
382,12,"M","23-Jan",6,"No","12","M","Family","Yes","Extended","No","No","No","No",NA
382,12,"M","23-Jan",7,"No","12","M","Neighbors","No","Unrelated","No","No","No","No",NA
423,7,"M","25-Jan",1,"No","6","M","Family","Yes","Extended","No","No","No","No",7
423,7,"M","25-Jan",2,"No","6","M","School","No","Unrelated","Yes","Yes","No","No",7
423,7,"M","25-Jan",3,"Yes","Adult","F","Family","Yes","Immediate","No","No","No","No",7
423,7,"M","25-Jan",4,"Yes","Adult","M","Family","Yes","Immediate","No","No","No","No",7
423,7,"M","25-Jan",5,"No","13","F","Family","Yes","Immediate","Yes","No","No","No",7
423,7,"M","25-Jan",6,"No","5","F","Family","Yes","Immediate","Yes","No","No","No",7
423,7,"M","25-Jan",7,"Yes","Adult","F","Family","Yes","Extended","No","No","No","No",7
978,8,"F","25-Jan",1,"Yes","Adult","F","Family","Yes","Immediate","No","No","No","No",8
978,8,"F","25-Jan",2,"Yes","Adult","F","Family","Yes","Extended","No","No","No","No",8
978,8,"F","25-Jan",3,"No","7","F","School","No","Unrelated","No","Yes","No","No",8
978,8,"F","25-Jan",4,"No","6","F","Neighbors","No","Unrelated","No","Yes","No","No",8
935,5,"F","25-Jan",1,"No","7","M","Family","Yes","Immediate","Yes","No","No","No",5
935,5,"F","25-Jan",2,"No","13","F","Family","Yes","Immediate","Yes","No","No","No",5
722,13,"F","25-Jan",1,"No","13","F","School","No","Unrelated","No","No","No","No",14
722,13,"F","25-Jan",2,"No","12","M","School","No","Unrelated","No","No","No","No",14
722,13,"F","25-Jan",3,"No","13","M","School","No","Unrelated","No","No","No","No",14
722,13,"F","25-Jan",4,"No","14","M","School","No","Unrelated","No","No","No","No",14
432,7,"F","25-Jan",1,"No","8","F","School","No","Unrelated","No","Yes","No","No",7
432,7,"F","25-Jan",2,"No","7","M","School","No","Unrelated","No","Yes","No","No",7
432,7,"F","25-Jan",3,"No","7","M","ThroughFamily","No","Unrelated","No","Yes","Yes","No",7
432,7,"F","25-Jan",4,"No","5","F","ThroughFamily","No","Unrelated","No","Yes","Yes","No",7
432,7,"F","25-Jan",5,"No","6","M","Family","Yes","Immediate","No","Yes","No","No",7
432,7,"F","25-Jan",6,"No","7","F","ThroughFamily","No","Unrelated","No","Yes","No","No",7
934,8,"M","24-Jan",1,"No","10","M","School","No","Unrelated","No","No","Yes","No",8
934,8,"M","24-Jan",2,"No","8","M","School","No","Unrelated","No","Yes","No","No",8
934,8,"M","24-Jan",3,"No","8","M","School","No","Unrelated","No","No","No","No",8
934,8,"M","24-Jan",4,"No","9","M","School","No","Unrelated","Yes","No","No","No",8
569,9,"M","26-Jan",1,"No","9","M","Family","Yes","Extended","No","Yes","No","No",9
569,9,"M","26-Jan",2,"No","9","M","School","No","Unrelated","No","No","Yes","No",9
569,9,"M","26-Jan",3,"No","10","M","School","No","Unrelated","No","No","No","No",9
569,9,"M","26-Jan",4,"No","10","M","School","No","Unrelated","No","Yes","No","No",9
568,9,"M","26-Jan",1,"No","9","M","Family","Yes","Immediate","Yes","Yes","Yes","No",9
568,9,"M","26-Jan",2,"No","9","F","Family","Yes","Extended","Yes","Yes","No","No",9
575,10,"F","26-Jan",1,"No","8","F","Neighbors","No","Unrelated","No","Yes","Yes","No",10
575,10,"F","26-Jan",2,"No","8","F","Neighbors","No","Unrelated","No","Yes","No","No",10
961,9,"M","27-Jan",1,"No","18","M","School","No","Unrelated","No","No","No","No",9
961,9,"M","27-Jan",2,"No","8","M","School","No","Unrelated","No","Yes","No","No",9
961,9,"M","27-Jan",3,"No","9","M","School","No","Unrelated","No","No","No","No",9
961,9,"M","27-Jan",4,"No","9","M","School","No","Unrelated","No","No","Yes","No",9
573,15,"F","27-Jan",1,"No","13","F","School","No","Unrelated","No","No","Yes","No",15
573,15,"F","27-Jan",2,"No","15","M","Family","Yes","Extended","No","No","No","No",15
573,15,"F","27-Jan",3,"No","14","F","School","No","Unrelated","No","Yes","No","No",15
573,15,"F","27-Jan",4,"No","14","M","Family","Yes","Extended","No","No","No","No",15
722,14,"M","14-Feb",1,"No","13","M","School","No","Unrelated",NA,"Yes","No","Yes",14
722,14,"M","14-Feb",2,"No","14","M","AroundTown","No","Unrelated",NA,"Yes","No","Yes",14
722,14,"M","14-Feb",3,"No","13","M","ThroughFriend","No","Unrelated",NA,"No","No","Yes",14
722,14,"M","14-Feb",4,"No","13","M","School","No","Unrelated",NA,"No","No","Yes",14
576,8,"F","15-Feb",1,"No","12","F","Church","Yes","Extended",NA,"Yes","No","Yes",8
576,8,"F","15-Feb",2,"No","7","M","Church","Yes","Extended",NA,"No","No","Yes",8
576,8,"F","15-Feb",3,"No","4","M","Church","Yes","Extended",NA,"No","No","Yes",8
576,8,"F","15-Feb",4,"No","9","F","Church","No","Unrelated",NA,"Yes","No","Yes",8
738,17,"F","16-Feb",1,"No","5","F","Family","Yes","Immediate",NA,"Yes","No","Yes",17
738,17,"F","16-Feb",2,"No","3","M","Family","Yes","Extended",NA,"Yes","No","Yes",17
738,17,"F","16-Feb",3,"No","11","M","Family","Yes","Immediate",NA,"Yes","No","Yes",17
551,11,"M","16-Feb",1,"No","17","F","Family","Yes","Immediate",NA,"Yes","No","Yes",11
551,11,"M","16-Feb",2,"No","5","F","Family","Yes","Immediate",NA,"Yes","No","Yes",11
551,11,"M","16-Feb",3,"No","1","F","Family","Yes","Extended",NA,"Yes","No","Yes",11
732,12,"M","16-Feb",1,"No","7","M","Family","Yes","Immediate",NA,"Yes","No","Yes",12
732,12,"M","16-Feb",2,"No","12","M","Neighbors","No","Unrelated",NA,"No","No","Yes",12
733,7,"M","16-Feb",1,"No","12","M","Neighbors","No","Unrelated",NA,"Yes","No","Yes",7
733,7,"M","16-Feb",2,"No","12","M","Family","Yes","Immediate",NA,"Yes","No","Yes",7
966,13,"M","19-Feb",1,"No","14","M","Recreation","No","Unrelated",NA,"Yes","No","Yes",13
966,13,"M","19-Feb",2,"No","Unknown","M","School","No","Unrelated",NA,"Yes","No","Yes",13
652,8,"M","20-Feb",1,"No","8","F","Family","Yes","Extended",NA,"Yes","No","Yes",8
652,8,"M","20-Feb",2,"No","12","M","Family","Yes","Extended",NA,"Yes","No","Yes",8
652,8,"M","20-Feb",3,"No","12","F","Family","Yes","Extended",NA,"Yes","No","Yes",8
652,8,"M","20-Feb",4,"No","10","M","Family","Yes","Extended",NA,"Yes","No","Yes",8
652,8,"M","20-Feb",5,"No","13","F","Family","Yes","Extended",NA,"Yes","No","Yes",8
610,13,"M","20-Feb",1,"No","12","M","School","No","Unrelated",NA,"Yes","No","Yes",13
610,13,"M","20-Feb",2,"No","13","M","School","No","Unrelated",NA,"No","No","Yes",13
901,7,"F","20-Feb",1,"No","13","M","Family","Yes","Immediate",NA,"Yes","No","Yes",7
901,7,"F","20-Feb",2,"No","7","F","Neighbors","No","Unrelated",NA,"Yes","No","Yes",7
901,7,"F","20-Feb",3,"No","7","F","School","No","Unrelated",NA,"Yes","No","Yes",7
901,7,"F","20-Feb",4,"No","7","F","Neighbors","No","Unrelated",NA,"Yes","No","Yes",7
558,13,"F","21-Feb",1,"No","13","F","School","No","Unrelated",NA,"Yes","No","Yes",13
558,13,"F","21-Feb",2,"No","14","M","Neighbors","Yes","Extended",NA,"Yes","No","Yes",13
558,13,"F","21-Feb",3,"No","14","F","School","No","Unrelated",NA,"Yes","No","Yes",13
558,13,"F","21-Feb",4,"No","13","F","School","No","Unrelated",NA,"No","No","Yes",13
558,13,"F","21-Feb",5,"No","13","F","School","No","Unrelated",NA,"Yes","No","Yes",13
558,13,"F","21-Feb",6,"No","13","M","School","No","Unrelated",NA,"No","No","Yes",13
558,13,"F","21-Feb",7,"No","13","F","School","No","Unrelated",NA,"No","No","Yes",13
558,13,"F","21-Feb",8,"No","15","F","School","No","Unrelated",NA,"No","Yes","Yes",13
559,9,"F","21-Feb",1,"No","Missing","F","Neighbors","No","Unrelated",NA,"Yes","No","Yes",9
697,10,"M","21-Feb",1,"No","12","M","Recreation","Yes","Extended",NA,"Yes","No","Yes",10
697,10,"M","21-Feb",2,"No","9","M","Recreation","No","Unrelated",NA,"Yes","No","Yes",10
697,10,"M","21-Feb",3,"No","11","M","Neighbors","No","Unrelated",NA,"Yes","No","Yes",10
697,10,"M","21-Feb",4,"No","8","M","Recreation","No","Unrelated",NA,"Yes","No","Yes",10
697,10,"M","21-Feb",5,"No","7","M","Recreation","No","Unrelated",NA,"Yes","No","Yes",10
697,10,"M","21-Feb",6,"No","13","M","OutOfTown","Yes","Extended",NA,"Yes","No","Yes",10
697,10,"M","21-Feb",7,"No","15","M","Family","Yes","Extended",NA,"Yes","No","Yes",10
697,10,"M","21-Feb",8,"No","15","M","Family","Yes","Extended",NA,"Yes","No","Yes",10
595,13,"M","21-Feb",1,"No","8","M","School","Yes","Extended",NA,"Yes","No","Yes",13
595,13,"M","21-Feb",2,"No","13","M","School","Yes","Extended",NA,"Yes","No","Yes",13
596,9,"M","21-Feb",1,"No","10","M","School","No","Unrelated",NA,"Yes","No","Yes",9
596,9,"M","21-Feb",2,"No","10","M","School","No","Unrelated",NA,"Yes","No","Yes",9
596,9,"M","21-Feb",3,"No","9","M","School","No","Unrelated",NA,"Yes","No","Yes",9
596,9,"M","21-Feb",4,"No","9","M","School","No","Unrelated",NA,"Yes","No","Yes",9
413,16,"M","27-Feb",1,"No","14","M","Recreation","No","Unrelated",NA,"Yes","Yes","Yes",16
413,16,"M","27-Feb",2,"No","15","M","Neighbors","No","Unrelated",NA,"Yes","No","Yes",16
413,16,"M","27-Feb",3,"No","14","M","Neighbors","No","Unrelated",NA,"No","No","Yes",16
413,16,"M","27-Feb",4,"No","13","M","Recreation","No","Unrelated",NA,"Yes","No","Yes",16
413,16,"M","27-Feb",5,"No","13","M","Recreation","No","Unrelated",NA,"No","No","Yes",16
413,16,"M","27-Feb",6,"No","15","F","Recreation","No","Unrelated",NA,"Yes","No","Yes",16
574,14,"M","28-Feb",1,"No","12","M","Recreation","No","Unrelated",NA,"Yes","No","Yes",14
574,14,"M","28-Feb",2,"No","14","M","AroundTown","No","Unrelated",NA,"No","Yes","Yes",14
574,14,"M","28-Feb",3,"No","12","M","School","No","Unrelated",NA,"No","No","Yes",14
683,7,"M","28-Feb",1,"No","6.5","M","School","No","Unrelated",NA,"Yes","Yes","Yes",7
683,7,"M","28-Feb",2,"No","6","M","School","No","Unrelated",NA,"No","No","Yes",7
683,7,"M","28-Feb",3,"No","5","M","School","No","Unrelated",NA,"No","Yes","Yes",7
683,7,"M","28-Feb",4,"No","6","M","School","No","Unrelated",NA,"No","Yes","Yes",7
683,7,"M","28-Feb",5,"No","7","M","School","Yes","Extended",NA,"Yes","No","Yes",7
683,7,"M","28-Feb",6,"No","8","F","School","No","Unrelated",NA,"Yes","No","Yes",7
900,12,"M","28-Feb",1,"No","11","M","School","No","Unrelated",NA,"Yes","No","Yes",12
900,12,"M","28-Feb",2,"No","11","M","School","No","Unrelated",NA,"No","No","Yes",12
900,12,"M","28-Feb",3,"No","12","M","School","No","Unrelated",NA,"No","No","Yes",12
612,15,"M","29-Feb",1,"No","13","M","School","No","Unrelated",NA,"Yes","No","Yes",15
612,15,"M","29-Feb",2,"No","14","F","School","No","Unrelated",NA,"No","No","Yes",15
612,15,"M","29-Feb",3,"No","14","M","School","No","Unrelated",NA,"No","No","Yes",15
612,15,"M","29-Feb",4,"No","15","F","School","No","Unrelated",NA,"No","No","Yes",15
612,15,"M","29-Feb",5,"No","13","M","School","No","Unrelated",NA,"No","No","Yes",15
612,15,"M","29-Feb",6,"No","14","M","School","No","Unrelated",NA,"No","No","Yes",15
612,15,"M","29-Feb",7,"No","15","F","School","No","Unrelated",NA,"No","No","Yes",15
612,15,"M","29-Feb",8,"No","13","M","School","No","Unrelated",NA,"No","No","Yes",15
909,9,"F","29-Feb",1,"No","7","F","Family","Yes","Immediate",NA,"No","No","Yes",9
909,9,"F","29-Feb",2,"No","15","M","Family","Yes","Immediate",NA,"No","No","Yes",9
909,9,"F","29-Feb",3,"Yes","Adult","M","Family","Yes","Immediate",NA,"No","No","Yes",9
909,9,"F","29-Feb",4,"No","9","F","School","No","Unrelated",NA,"Yes","No","Yes",9
908,7,"F","29-Feb",1,"No","7","M","School","No","Unrelated",NA,"No","No","Yes",7
908,7,"F","29-Feb",2,"No","9","F","School","No","Unrelated",NA,"No","No","Yes",7
908,7,"F","29-Feb",3,"No","9","F","School","No","Unrelated",NA,"Yes","No","Yes",7
908,7,"F","29-Feb",4,"No","10","M","School","No","Unrelated",NA,"Yes","No","Yes",7
405,15,"M","29-Feb",1,"No","14","M","School","No","Unrelated",NA,"No","No","Yes",15
405,15,"M","29-Feb",2,"No","16","M","School","Yes","Extended",NA,"No","No","Yes",15
405,15,"M","29-Feb",3,"No","16","M","School","No","Unrelated",NA,"Yes","No","Yes",15
405,15,"M","29-Feb",4,"No","15","M","School","No","Unrelated",NA,"No","No","Yes",15
405,15,"M","29-Feb",5,"No","14","M","School","No","Unrelated",NA,"Yes","No","Yes",15
405,15,"M","29-Feb",6,"No","15","M","School","No","Unrelated",NA,"No","No","Yes",15
405,15,"M","29-Feb",7,"No","20","M","AroundTown","No","Unrelated",NA,"No","No","Yes",15
988,13,"F","29-Feb",1,"No","13","F","School","No","Unrelated",NA,"No","No","Yes",13
988,13,"F","29-Feb",2,"No","13","F","School","No","Unrelated",NA,"No","No","Yes",13
988,13,"F","29-Feb",3,"No","14","F","AroundTown","Yes","Extended",NA,"Yes","No","Yes",13
988,13,"F","29-Feb",4,"No","13","F","School","No","Unrelated",NA,"No","No","Yes",13
988,13,"F","29-Feb",5,"No","15","F","School","No","Unrelated",NA,"No","No","Yes",13
618,14,"M","29-Feb",1,"No","14","M","School","No","Unrelated",NA,"No","No","Yes",14
618,14,"M","29-Feb",2,"No","13","M","Recreation","No","Unrelated",NA,"Yes","No","Yes",14
618,14,"M","29-Feb",3,"No","15","M","Recreation","Yes","Extended",NA,"No","No","Yes",14
618,14,"M","29-Feb",4,"No","17","F","School","No","Unrelated",NA,"No","No","Yes",14
618,14,"M","29-Feb",5,"No","13","M","Recreation","No","Unrelated",NA,"No","No","Yes",14
618,14,"M","29-Feb",6,"No","14","M","Recreation","No","Unrelated",NA,"No","No","Yes",14
410,11,"M","5-Mar",1,"No","9","M","AroundTown","No","Unrelated",NA,"Yes","No","Yes",11
410,11,"M","5-Mar",2,"No","10","M","AroundTown","No","Unrelated",NA,"No","No","Yes",11
410,11,"M","5-Mar",3,"No","11","M","Recreation","No","Unrelated",NA,"No","No","Yes",11
410,11,"M","5-Mar",4,"No","12","M","Recreation","No","Unrelated",NA,"No","No","Yes",11
410,11,"M","5-Mar",5,"No","12","M","Recreation","Yes","Extended",NA,"No","No","Yes",11
936,5,"M","5-Mar",1,"No","5","M","School","No","Unrelated",NA,"No","Yes","Yes",5
936,5,"M","5-Mar",2,"No","5","M","School","No","Unrelated",NA,"Yes","No","Yes",5
936,5,"M","5-Mar",3,"No","9","M","Neighbors","No","Unrelated",NA,"No","No","Yes",5
