ID,Age,Sex,Date,Partner_order,Adult,Partner_age,Partner_sex,How,Related,Relationship,AtCamp,Preferred,Unpreferred,Post_camp
577,12,M,11-Jan,1,No,13,M,School,No,Unrelated,No,Yes,No,No
577,12,M,11-Jan,2,No,12,M,School,No,Unrelated,No,No,No,No
577,12,M,11-Jan,3,No,11,M,ThroughFamily,No,Unrelated,No,No,No,No
577,12,M,11-Jan,4,No,11,M,Neighbors,No,Unrelated,No,Yes,No,No
577,12,M,11-Jan,5,No,14,F,School,No,Unrelated,No,No,No,No
895,7,F,10-Jan,1,No,7,F,School,No,Unrelated,No,Yes,No,No
895,7,F,10-Jan,2,No,6,M,School,No,Unrelated,No,No,No,No
895,7,F,10-Jan,3,No,6,F,Family,Yes,Extended,No,Yes,No,No
895,7,F,10-Jan,4,No,7,M,School,No,Unrelated,No,No,Yes,No
895,7,F,10-Jan,5,No,6,M,School,No,Unrelated,No,No,No,No
894,12,M,10-Jan,1,No,8,M,School,No,Unrelated,No,No,No,No
894,12,M,10-Jan,2,No,8,M,School,No,Unrelated,No,No,No,No
894,12,M,10-Jan,3,No,8,M,School,No,Unrelated,No,No,No,No
925,7,F,10-Jan,1,No,7,F,School,No,Unrelated,No,No,No,No
925,7,F,10-Jan,2,No,8,M,School,No,Unrelated,No,Yes,No,No
925,7,F,10-Jan,3,No,5,F,School,No,Unrelated,No,No,No,No
403,8,F,10-Jan,1,No,8,F,School,No,Unrelated,No,No,No,No
403,8,F,10-Jan,2,No,8,F,School,No,Unrelated,No,No,No,No
681,9,M,10-Jan,1,No,8,M,School,No,Unrelated,No,Yes,No,No
681,9,M,10-Jan,2,No,9,M,School,No,Unrelated,No,No,No,No
681,9,M,10-Jan,3,No,12,M,School,No,Unrelated,Yes,No,No,No
681,9,M,10-Jan,4,No,9,M,School,No,Unrelated,No,No,No,No
914,13,M,9-Jan,1,No,14,M,School,No,Unrelated,No,Yes,No,No
914,13,M,9-Jan,2,No,17,M,Family,Yes,Extended,No,No,No,No
914,13,M,9-Jan,3,No,12,F,Family,Yes,Extended,No,No,No,No
914,13,M,9-Jan,4,No,13,F,School,No,Unrelated,No,No,No,No
914,13,M,9-Jan,5,No,13,M,School,No,Unrelated,No,No,No,No
914,13,M,9-Jan,6,No,17,M,ThroughFamily,No,Unrelated,No,No,No,No
914,13,M,9-Jan,7,No,15,M,Family,Yes,Immediate,No,No,No,No
578,9,F,9-Jan,1,No,8,F,School,No,Unrelated,No,Yes,No,No
578,9,F,9-Jan,2,No,9,F,School,No,Unrelated,No,No,No,No
578,9,F,9-Jan,3,No,8,F,School,No,Unrelated,No,No,No,No
646,13,F,9-Jan,1,No,12,F,Neighbors,No,Unrelated,No,Yes,No,No
646,13,F,9-Jan,2,No,11,F,ThroughFamily,No,Unrelated,No,Yes,No,No
957,6,M,9-Jan,1,No,8,M,Family,Yes,Immediate,Yes,No,No,No
958,8,M,9-Jan,1,No,6,M,Family,Yes,Immediate,Yes,No,No,No
956,11,F,9-Jan,1,No,11,F,School,No,Unrelated,No,No,No,No
956,11,F,9-Jan,2,No,11,F,School,No,Unrelated,No,No,No,No
956,11,F,9-Jan,3,No,8,F,Family,Yes,Extended,Yes,No,No,No
956,11,F,9-Jan,4,No,9,F,Family,Yes,Extended,Yes,No,No,No
979,9,F,9-Jan,1,No,9,F,School,No,Unrelated,No,No,No,No
979,9,F,9-Jan,2,No,9,F,Family,Yes,Extended,Yes,Yes,No,No
979,9,F,9-Jan,3,No,10,F,Family,Yes,Extended,No,No,No,No
979,9,F,9-Jan,4,No,10,F,School,No,Unrelated,No,No,No,No
979,9,F,9-Jan,5,No,8,F,Family,Yes,Extended,No,No,Yes,No
979,9,F,9-Jan,6,No,14,M,Family,Yes,Extended,No,No,No,No
979,9,F,9-Jan,7,No,12,F,Family,Yes,Extended,No,No,No,No
979,9,F,9-Jan,8,No,14,F,Family,Yes,Immediate,No,No,No,No
946,9,F,9-Jan,1,No,9,F,School,No,Unrelated,No,No,No,No
946,9,F,9-Jan,2,No,8,F,School,No,Unrelated,No,No,No,No
946,9,F,9-Jan,3,No,9,F,School,No,Unrelated,No,No,No,No
946,9,F,9-Jan,4,No,9,F,School,No,Unrelated,No,No,No,No
946,9,F,9-Jan,5,No,10,F,Family,Yes,Extended,No,Yes,No,No
661,11,F,9-Jan,1,No,11,F,School,No,Unrelated,No,No,No,No
661,11,F,9-Jan,2,No,11,F,School,No,Unrelated,No,No,No,No
661,11,F,9-Jan,3,No,11,F,School,No,Unrelated,No,Yes,No,No
661,11,F,9-Jan,4,No,7,M,Family,Yes,Immediate,Yes,No,No,No
662,7,M,9-Jan,1,No,12,M,Neighbors,No,Unrelated,No,Yes,No,No
662,7,M,9-Jan,2,No,8,M,Neighbors,No,Unrelated,No,Yes,No,No
662,7,M,9-Jan,3,No,6,M,Neighbors,No,Unrelated,No,No,No,No
662,7,M,9-Jan,4,No,6,F,Neighbors,No,Unrelated,No,No,No,No
662,7,M,9-Jan,5,No,4,M,Neighbors,No,Unrelated,No,No,No,No
662,7,M,9-Jan,6,No,4,M,Neighbors,No,Unrelated,No,No,No,No
662,7,M,9-Jan,7,No,2,F,Neighbors,No,Unrelated,No,No,No,No
662,7,M,9-Jan,8,No,9,M,Neighbors,Yes,Extended,No,No,No,No
921,6,M,8-Jan,1,No,10,M,Family,Yes,Immediate,Yes,Yes,No,No
986,10,F,8-Jan,1,No,9,M,School,No,Unrelated,No,Yes,No,No
986,10,F,8-Jan,2,No,9,F,School,No,Unrelated,No,Yes,No,No
986,10,F,8-Jan,3,No,9,F,School,No,Unrelated,No,Yes,No,No
985,7,F,8-Jan,1,No,18,M,Family,Yes,Extended,No,No,No,No
985,7,F,8-Jan,2,No,13,M,Family,Yes,Immediate,No,No,No,No
743,7,M,8-Jan,1,No,5,M,Neighbors,No,Unrelated,Yes,Yes,No,No
920,11,M,8-Jan,1,No,11,M,School,No,Unrelated,No,Yes,No,No
920,11,M,8-Jan,2,No,11,M,School,No,Unrelated,No,Yes,No,No
920,11,M,8-Jan,3,No,11,M,School,No,Unrelated,No,No,No,No
920,11,M,8-Jan,4,No,12,F,School,No,Unrelated,No,No,No,No
920,11,M,8-Jan,5,No,12,M,School,Yes,Extended,No,Yes,No,No
922,8,F,8-Jan,1,No,9,F,Recreation,No,Unrelated,Yes,Yes,No,No
695,9,F,8-Jan,1,No,8,F,School,No,Unrelated,Yes,Yes,No,No
695,9,F,8-Jan,2,No,9,F,School,No,Unrelated,No,No,No,No
695,9,F,8-Jan,3,No,8,F,School,No,Unrelated,No,No,No,No
695,9,F,8-Jan,4,No,9,F,School,No,Unrelated,No,No,No,No
927,12,M,12-Jan,1,No,12,M,Recreation,No,Unrelated,No,Yes,No,No
589,10,F,12-Jan,1,Yes,Adult,F,Family,Yes,Immediate,No,No,No,No
682,13,F,12-Jan,1,No,15,M,School,No,Unrelated,No,No,No,No
682,13,F,12-Jan,2,No,13,F,School,No,Unrelated,No,No,No,No
682,13,F,12-Jan,3,No,15,F,School,No,Unrelated,No,No,No,No
682,13,F,12-Jan,4,No,13,F,School,No,Unrelated,No,No,No,No
682,13,F,12-Jan,5,No,15,M,School,No,Unrelated,No,Yes,No,No
590,8,F,13-Jan,1,No,8,F,ThroughFamily,No,Unrelated,No,Yes,No,No
696,11,F,13-Jan,1,No,12,F,ThroughFriend,No,Unrelated,Yes,Yes,No,No
419,6,M,15-Jan,1,No,7,M,School,No,Unrelated,Yes,No,No,No
419,6,M,15-Jan,2,No,7,M,School,No,Unrelated,Yes,No,No,No
419,6,M,15-Jan,3,No,6,M,School,Yes,Extended,Yes,Yes,No,No
964,12,M,15-Jan,1,No,13,M,Neighbors,No,Unrelated,No,Yes,No,No
964,12,M,15-Jan,2,No,10,M,School,Yes,Extended,No,Yes,No,No
964,12,M,15-Jan,3,No,9,M,ThroughFriend,No,Unrelated,No,Yes,No,No
964,12,M,15-Jan,4,No,12,M,School,No,Unrelated,No,Yes,No,No
964,12,M,15-Jan,5,No,9,M,School,No,Unrelated,No,Yes,No,No
929,12,M,15-Jan,1,No,12,M,Recreation,No,Unrelated,No,No,No,No
929,12,M,15-Jan,2,No,10,M,Recreation,No,Unrelated,No,Yes,No,No
895,11,F,15-Jan,1,No,11,F,Church,No,Unrelated,No,Yes,No,No
895,11,F,15-Jan,2,No,10,F,Church,No,Unrelated,No,No,No,No
895,11,F,15-Jan,3,No,12,F,Church,No,Unrelated,No,No,No,No
408,10,M,15-Jan,1,No,10,M,Recreation,Yes,Extended,No,Yes,No,No
408,10,M,15-Jan,2,No,11,M,Family,Yes,Extended,No,Yes,No,No
407,13,F,15-Jan,1,No,13,F,School,No,Unrelated,No,Yes,No,No
409,8,F,15-Jan,1,No,8,M,Family,Yes,Extended,No,Yes,No,No
409,8,F,15-Jan,2,No,5,M,Family,Yes,Extended,No,Yes,Yes,No
409,8,F,15-Jan,3,No,2,F,Family,Yes,Extended,Yes,Yes,No,No
967,7,F,15-Jan,1,No,10,M,Family,Yes,Extended,Yes,Yes,No,No
967,7,F,15-Jan,2,Yes,Adult,F,Family,Yes,Immediate,No,No,No,No
968,10,M,15-Jan,1,No,10,M,School,No,Unrelated,No,Yes,No,No
969,16,F,15-Jan,1,No,7,F,Family,Yes,Extended,Yes,No,No,No
969,16,F,15-Jan,2,No,15,F,School,No,Unrelated,No,Yes,No,No
417,11,F,15-Jan,1,No,11,F,School,No,Unrelated,Yes,Yes,No,No
418,8,F,15-Jan,1,No,8,F,AroundTown,No,Unrelated,Yes,Yes,No,No
655,7,M,16-Jan,1,No,13,M,ThroughFamily,No,Unrelated,No,No,No,No
655,7,M,16-Jan,2,No,13,M,ThroughFamily,No,Unrelated,No,No,No,No
655,7,M,16-Jan,3,No,8,M,Neighbors,No,Unrelated,No,No,Yes,No
655,7,M,16-Jan,4,No,13,M,Family,Yes,Immediate,No,No,No,No
655,7,M,16-Jan,5,No,0,F,Family,Yes,Immediate,No,No,No,No
727,11,F,16-Jan,1,No,10,M,School,No,Unrelated,No,Yes,No,No
451,10,M,16-Jan,1,No,16,M,Family,Yes,Extended,No,Yes,No,No
451,10,M,16-Jan,2,No,12,M,School,Yes,Extended,No,No,No,No
451,10,M,16-Jan,3,No,13,M,Recreation,Yes,Extended,No,No,No,No
451,10,M,16-Jan,4,No,12,M,Recreation,No,Unrelated,No,Yes,No,No
451,10,M,16-Jan,5,No,12,M,Recreation,Yes,Extended,No,Yes,No,No
451,10,M,16-Jan,6,No,12,M,Recreation,No,Unrelated,No,Yes,No,No
451,10,M,16-Jan,7,No,10,M,Recreation,No,Unrelated,No,No,No,No
451,10,M,16-Jan,8,No,11,F,ThroughFriend,No,Unrelated,No,No,No,No
673,11,F,16-Jan,1,No,11,F,School,No,Unrelated,Yes,Yes,No,No
673,11,F,16-Jan,2,No,11,M,TheirHouse,No,Unrelated,No,Yes,No,No
673,11,F,16-Jan,3,No,11,F,SinceChildhood,No,Unrelated,No,Yes,No,No
443,7,M,16-Jan,1,No,7,M,School,No,Unrelated,No,Yes,No,No
443,7,M,16-Jan,2,No,7,M,Recreation,No,Unrelated,No,Yes,No,No
443,7,M,16-Jan,3,No,7,M,School,No,Unrelated,Yes,Yes,No,No
443,7,M,16-Jan,4,No,6,M,School,No,Unrelated,No,Yes,No,No
443,7,M,16-Jan,5,No,7,M,Recreation,No,Unrelated,No,No,Yes,No
982,7,F,16-Jan,1,No,8,F,School,No,Unrelated,No,No,No,No
982,7,F,16-Jan,2,No,7,F,School,No,Unrelated,No,Yes,No,No
982,7,F,16-Jan,3,No,7,M,School,No,Unrelated,Yes,Yes,No,No
982,7,F,16-Jan,4,No,6,M,School,No,Unrelated,No,Yes,No,No
982,7,F,16-Jan,5,No,8,M,School,No,Unrelated,Yes,No,No,No
982,7,F,16-Jan,6,No,6,F,School,No,Unrelated,No,No,No,No
982,7,F,16-Jan,7,No,8,F,School,No,Unrelated,No,Yes,No,No
982,7,F,16-Jan,8,No,7,F,School,No,Unrelated,No,No,No,No
452,9,F,16-Jan,1,No,9,F,School,No,Unrelated,No,No,No,No
452,9,F,16-Jan,2,No,10,F,AroundTown,No,Unrelated,No,Yes,No,No
452,9,F,16-Jan,3,No,8,F,AroundTown,No,Unrelated,No,Yes,No,No
452,9,F,16-Jan,4,No,9,F,Recreation,No,Unrelated,No,No,No,No
452,9,F,16-Jan,5,No,10,M,School,No,Unrelated,No,No,No,No
452,9,F,16-Jan,6,No,8,F,AroundTown,No,Unrelated,No,Yes,No,No
693,9,M,16-Jan,1,No,12,M,ThroughFamily,No,Unrelated,Yes,Yes,No,No
693,9,M,16-Jan,2,No,9,M,School,No,Unrelated,No,No,No,No
893,7,M,16-Jan,1,No,7,M,Recreation,No,Unrelated,No,Yes,No,No
930,10,F,16-Jan,1,No,10,F,School,No,Unrelated,No,No,No,No
930,10,F,16-Jan,2,No,11,F,School,No,Unrelated,No,Yes,No,No
930,10,F,16-Jan,3,No,13,F,School,No,Unrelated,No,No,No,No
930,10,F,16-Jan,4,No,10,F,School,No,Unrelated,No,No,No,No
930,10,F,16-Jan,5,No,11,F,School,No,Unrelated,No,Yes,No,No
930,10,F,16-Jan,6,No,12,F,School,No,Unrelated,No,Yes,No,No
709,7,M,16-Jan,1,No,8,M,School,No,Unrelated,No,Yes,No,No
709,7,M,16-Jan,2,No,7,M,School,No,Unrelated,No,Yes,No,No
709,7,M,16-Jan,3,No,8,M,Recreation,No,Unrelated,No,Yes,No,No
709,7,M,16-Jan,4,No,8,M,School,No,Unrelated,No,Yes,No,No
709,7,M,16-Jan,5,No,6,M,Forgot,No,Unrelated,No,Yes,No,No
709,7,M,16-Jan,6,No,6,M,School,No,Unrelated,No,Yes,No,No
721,8,M,17-Jan,1,No,7,M,School,No,Unrelated,No,Yes,No,No
719,10,M,17-Jan,1,Yes,Adult,F,Family,Yes,Immediate,No,Yes,No,No
719,10,M,17-Jan,2,Yes,Adult,M,Family,Yes,Immediate,No,Yes,No,No
719,10,M,17-Jan,3,No,9,F,Family,Yes,Immediate,Yes,Yes,No,No
719,10,M,17-Jan,4,No,8,M,Family,Yes,Immediate,Yes,Yes,No,No
719,10,M,17-Jan,5,Yes,Adult,F,Family,Yes,Extended,No,Yes,No,No
720,9,F,17-Jan,1,No,9,F,School,No,Unrelated,No,Yes,No,No
720,9,F,17-Jan,2,No,8,F,School,No,Unrelated,No,Yes,No,No
720,9,F,17-Jan,3,No,9,F,School,No,Unrelated,No,Yes,No,No
720,9,F,17-Jan,4,No,8,F,School,No,Unrelated,No,Yes,No,No
720,9,F,17-Jan,5,No,9,F,School,No,Unrelated,No,No,Yes,No
720,9,F,17-Jan,6,No,8,F,School,No,Unrelated,No,Yes,Yes,No
414,14,F,17-Jan,1,No,10,F,Family,Yes,Extended,Yes,Yes,No,No
414,14,F,17-Jan,2,No,5,M,Family,Yes,Extended,Yes,Yes,No,No
414,14,F,17-Jan,3,No,8,F,Family,Yes,Extended,Yes,Yes,No,No
414,14,F,17-Jan,4,No,6,F,Family,Yes,Extended,Yes,Yes,No,No
415,7,M,17-Jan,1,No,7,F,Family,Yes,Extended,Yes,Yes,Yes,No
415,7,M,17-Jan,2,No,10,F,Family,Yes,Extended,Yes,Yes,No,No
415,7,M,17-Jan,3,No,6,M,Family,Yes,Extended,Yes,Yes,No,No
415,7,M,17-Jan,4,No,8,F,Family,Yes,Extended,Yes,Yes,No,No
415,7,M,17-Jan,5,No,13,F,Family,Yes,Immediate,Yes,Yes,No,No
415,7,M,17-Jan,6,No,18,F,Family,Yes,Immediate,No,Yes,No,No
415,7,M,17-Jan,7,No,16,M,Family,Yes,Immediate,No,Yes,No,No
415,7,M,17-Jan,8,No,0,M,Family,Yes,Extended,No,Yes,No,No
931,9,F,17-Jan,1,No,9,F,School,Yes,Extended,Yes,Yes,No,No
931,9,F,17-Jan,2,No,11,F,Church,Yes,Extended,No,Yes,No,No
931,9,F,17-Jan,3,No,11,F,Church,No,Unrelated,Yes,No,No,No
931,9,F,17-Jan,4,No,9,F,School,No,Unrelated,No,No,No,No
931,9,F,17-Jan,5,No,8,F,Family,Yes,Extended,Yes,No,No,No
431,8,F,17-Jan,1,No,8,F,School,No,Unrelated,No,No,No,No
431,8,F,17-Jan,2,No,8,F,School,No,Unrelated,No,No,No,No
431,8,F,17-Jan,3,No,8,M,Family,Yes,Extended,Yes,Yes,No,No
954,12,F,17-Jan,1,No,14,F,School,No,Unrelated,No,No,Yes,No
954,12,F,17-Jan,2,No,12,F,Neighbors,No,Unrelated,Yes,Yes,No,No
954,12,F,17-Jan,3,No,12,F,Recreation,No,Unrelated,No,Yes,No,No
430,11,M,17-Jan,1,No,12,M,ThroughFamily,No,Unrelated,No,No,No,No
430,11,M,17-Jan,2,No,10,M,Neighbors,No,Unrelated,No,Yes,No,No
430,11,M,17-Jan,3,No,12,M,Family,Yes,Extended,No,No,No,No
430,11,M,17-Jan,4,No,11,M,School,No,Unrelated,No,No,No,No
430,11,M,17-Jan,5,No,10,M,School,No,Unrelated,No,No,No,No
430,11,M,17-Jan,6,No,10,M,Neighbors,No,Unrelated,No,Yes,No,No
430,11,M,17-Jan,7,No,7,M,ThroughFamily,No,Unrelated,No,No,No,No
430,11,M,17-Jan,8,No,10,F,ThroughFamily,No,Unrelated,No,No,No,No
965,7,M,18-Jan,1,No,7,M,Recreation,No,Unrelated,Yes,Yes,No,No
965,7,M,18-Jan,2,No,6,M,School,No,Unrelated,No,Yes,No,No
965,7,M,18-Jan,3,No,7,M,School,No,Unrelated,Yes,Yes,No,No
965,7,M,18-Jan,4,No,5,M,School,No,Unrelated,No,No,Yes,No
565,16,F,22-Jan,1,No,15,F,Recreation,No,Unrelated,No,Yes,No,No
565,16,F,22-Jan,2,No,14,F,Recreation,No,Unrelated,No,Yes,No,No
565,16,F,22-Jan,3,No,17,F,Recreation,No,Unrelated,No,Yes,No,No
566,13,M,22-Jan,1,No,14,M,Recreation,No,Unrelated,No,No,No,No
566,13,M,22-Jan,2,No,15,M,Recreation,No,Unrelated,No,No,No,No
566,13,M,22-Jan,3,No,13,M,Recreation,No,Unrelated,No,No,No,No
566,13,M,22-Jan,4,No,14,M,Recreation,Yes,Extended,No,No,No,No
566,13,M,22-Jan,5,No,10,M,Recreation,No,Unrelated,No,No,No,No
566,13,M,22-Jan,6,No,12,M,Recreation,No,Unrelated,No,No,No,No
686,7,F,22-Jan,1,No,5,F,Family,Yes,Extended,No,No,No,No
686,7,F,22-Jan,2,No,0,F,Family,Yes,Immediate,No,No,No,No
426,15,F,22-Jan,1,No,15,F,ThroughFamily,No,Unrelated,No,Yes,No,No
426,15,F,22-Jan,2,No,15,F,School,No,Unrelated,No,Yes,No,No
426,15,F,22-Jan,3,No,13,F,Family,Yes,Extended,No,No,No,No
426,15,F,22-Jan,4,No,14,F,Church,No,Unrelated,No,Yes,No,No
426,15,F,22-Jan,5,No,13,F,Church,No,Unrelated,No,Yes,No,No
567,9,M,22-Jan,1,No,9,M,Neighbors,No,Unrelated,No,Yes,No,No
567,9,M,22-Jan,2,No,7,F,Family,Yes,Extended,No,No,No,No
567,9,M,22-Jan,3,No,6,M,Family,Yes,Extended,No,No,No,No
567,9,M,22-Jan,4,No,6,F,Family,Yes,Extended,No,No,No,No
567,9,M,22-Jan,5,No,12,F,Family,Yes,Extended,No,No,No,No
427,7,M,22-Jan,1,No,9,F,Neighbors,No,Unrelated,No,No,No,No
427,7,M,22-Jan,2,No,10,M,Family,Yes,Extended,No,Yes,No,No
427,7,M,22-Jan,3,No,5,M,Family,Yes,Immediate,No,No,No,No
871,11,M,23-Jan,1,No,11,F,School,No,Unrelated,Yes,Yes,No,No
871,11,M,23-Jan,2,No,10,M,School,No,Unrelated,No,Yes,No,No
871,11,M,23-Jan,3,No,10,F,Family,Yes,Extended,No,Yes,No,No
987,15,M,23-Jan,1,No,15,M,ThroughFamily,No,Unrelated,No,Yes,No,No
987,15,M,23-Jan,2,No,15,M,Family,Yes,Extended,No,No,Yes,No
987,15,M,23-Jan,3,No,15,M,ThroughFamily,No,Unrelated,No,No,No,No
987,15,M,23-Jan,4,No,15,M,ThroughFamily,No,Unrelated,No,No,No,No
987,15,M,23-Jan,5,No,16,M,ThroughFamily,No,Unrelated,No,Yes,No,No
987,15,M,23-Jan,6,No,15,M,School,No,Unrelated,No,No,No,No
987,15,M,23-Jan,7,No,13,M,School,No,Unrelated,No,No,No,No
987,15,M,23-Jan,8,No,15,M,School,No,Unrelated,No,Yes,No,No
382,12,M,23-Jan,1,No,10,M,Neighbors,No,Unrelated,No,Yes,No,No
382,12,M,23-Jan,2,No,12,M,Family,Yes,Extended,No,Yes,No,No
382,12,M,23-Jan,3,No,12,M,Neighbors,No,Unrelated,No,No,No,No
382,12,M,23-Jan,4,No,9,M,Neighbors,No,Unrelated,No,No,Yes,No
382,12,M,23-Jan,5,No,11,M,Neighbors,No,Unrelated,No,No,No,No
382,12,M,23-Jan,6,No,12,M,Family,Yes,Extended,No,No,No,No
382,12,M,23-Jan,7,No,12,M,Neighbors,No,Unrelated,No,No,No,No
423,7,M,25-Jan,1,No,6,M,Family,Yes,Extended,No,No,No,No
423,7,M,25-Jan,2,No,6,M,School,No,Unrelated,Yes,Yes,No,No
423,7,M,25-Jan,3,Yes,Adult,F,Family,Yes,Immediate,No,No,No,No
423,7,M,25-Jan,4,Yes,Adult,M,Family,Yes,Immediate,No,No,No,No
423,7,M,25-Jan,5,No,13,F,Family,Yes,Immediate,Yes,No,No,No
423,7,M,25-Jan,6,No,5,F,Family,Yes,Immediate,Yes,No,No,No
423,7,M,25-Jan,7,Yes,Adult,F,Family,Yes,Extended,No,No,No,No
978,8,F,25-Jan,1,Yes,Adult,F,Family,Yes,Immediate,No,No,No,No
978,8,F,25-Jan,2,Yes,Adult,F,Family,Yes,Extended,No,No,No,No
978,8,F,25-Jan,3,No,7,F,School,No,Unrelated,No,Yes,No,No
978,8,F,25-Jan,4,No,6,F,Neighbors,No,Unrelated,No,Yes,No,No
935,5,F,25-Jan,1,No,7,M,Family,Yes,Immediate,Yes,No,No,No
935,5,F,25-Jan,2,No,13,F,Family,Yes,Immediate,Yes,No,No,No
722,13,F,25-Jan,1,No,13,F,School,No,Unrelated,No,No,No,No
722,13,F,25-Jan,2,No,12,M,School,No,Unrelated,No,No,No,No
722,13,F,25-Jan,3,No,13,M,School,No,Unrelated,No,No,No,No
722,13,F,25-Jan,4,No,14,M,School,No,Unrelated,No,No,No,No
432,7,F,25-Jan,1,No,8,F,School,No,Unrelated,No,Yes,No,No
432,7,F,25-Jan,2,No,7,M,School,No,Unrelated,No,Yes,No,No
432,7,F,25-Jan,3,No,7,M,ThroughFamily,No,Unrelated,No,Yes,Yes,No
432,7,F,25-Jan,4,No,5,F,ThroughFamily,No,Unrelated,No,Yes,Yes,No
432,7,F,25-Jan,5,No,6,M,Family,Yes,Immediate,No,Yes,No,No
432,7,F,25-Jan,6,No,7,F,ThroughFamily,No,Unrelated,No,Yes,No,No
934,8,M,24-Jan,1,No,10,M,School,No,Unrelated,No,No,Yes,No
934,8,M,24-Jan,2,No,8,M,School,No,Unrelated,No,Yes,No,No
934,8,M,24-Jan,3,No,8,M,School,No,Unrelated,No,No,No,No
934,8,M,24-Jan,4,No,9,M,School,No,Unrelated,Yes,No,No,No
569,9,M,26-Jan,1,No,9,M,Family,Yes,Extended,No,Yes,No,No
569,9,M,26-Jan,2,No,9,M,School,No,Unrelated,No,No,Yes,No
569,9,M,26-Jan,3,No,10,M,School,No,Unrelated,No,No,No,No
569,9,M,26-Jan,4,No,10,M,School,No,Unrelated,No,Yes,No,No
568,9,M,26-Jan,1,No,9,M,Family,Yes,Immediate,Yes,Yes,Yes,No
568,9,M,26-Jan,2,No,9,F,Family,Yes,Extended,Yes,Yes,No,No
575,10,F,26-Jan,1,No,8,F,Neighbors,No,Unrelated,No,Yes,Yes,No
575,10,F,26-Jan,2,No,8,F,Neighbors,No,Unrelated,No,Yes,No,No
961,9,M,27-Jan,1,No,18,M,School,No,Unrelated,No,No,No,No
961,9,M,27-Jan,2,No,8,M,School,No,Unrelated,No,Yes,No,No
961,9,M,27-Jan,3,No,9,M,School,No,Unrelated,No,No,No,No
961,9,M,27-Jan,4,No,9,M,School,No,Unrelated,No,No,Yes,No
573,15,F,27-Jan,1,No,13,F,School,No,Unrelated,No,No,Yes,No
573,15,F,27-Jan,2,No,15,M,Family,Yes,Extended,No,No,No,No
573,15,F,27-Jan,3,No,14,F,School,No,Unrelated,No,Yes,No,No
573,15,F,27-Jan,4,No,14,M,Family,Yes,Extended,No,No,No,No
722,14,M,14-Feb,1,No,13,M,School,No,Unrelated,NA,Yes,No,Yes
722,14,M,14-Feb,2,No,14,M,AroundTown,No,Unrelated,NA,Yes,No,Yes
722,14,M,14-Feb,3,No,13,M,ThroughFriend,No,Unrelated,NA,No,No,Yes
722,14,M,14-Feb,4,No,13,M,School,No,Unrelated,NA,No,No,Yes
576,8,F,15-Feb,1,No,12,F,Church,Yes,Extended,NA,Yes,No,Yes
576,8,F,15-Feb,2,No,7,M,Church,Yes,Extended,NA,No,No,Yes
576,8,F,15-Feb,3,No,4,M,Church,Yes,Extended,NA,No,No,Yes
576,8,F,15-Feb,4,No,9,F,Church,No,Unrelated,NA,Yes,No,Yes
738,17,F,16-Feb,1,No,5,F,Family,Yes,Immediate,NA,Yes,No,Yes
738,17,F,16-Feb,2,No,3,M,Family,Yes,Extended,NA,Yes,No,Yes
738,17,F,16-Feb,3,No,11,M,Family,Yes,Immediate,NA,Yes,No,Yes
551,11,M,16-Feb,1,No,17,F,Family,Yes,Immediate,NA,Yes,No,Yes
551,11,M,16-Feb,2,No,5,F,Family,Yes,Immediate,NA,Yes,No,Yes
551,11,M,16-Feb,3,No,1,F,Family,Yes,Extended,NA,Yes,No,Yes
732,12,M,16-Feb,1,No,7,M,Family,Yes,Immediate,NA,Yes,No,Yes
732,12,M,16-Feb,2,No,12,M,Neighbors,No,Unrelated,NA,No,No,Yes
733,7,M,16-Feb,1,No,12,M,Neighbors,No,Unrelated,NA,Yes,No,Yes
733,7,M,16-Feb,2,No,12,M,Family,Yes,Immediate,NA,Yes,No,Yes
966,13,M,19-Feb,1,No,14,M,Recreation,No,Unrelated,NA,Yes,No,Yes
966,13,M,19-Feb,2,No,Unknown,M,School,No,Unrelated,NA,Yes,No,Yes
652,8,M,20-Feb,1,No,8,F,Family,Yes,Extended,NA,Yes,No,Yes
652,8,M,20-Feb,2,No,12,M,Family,Yes,Extended,NA,Yes,No,Yes
652,8,M,20-Feb,3,No,12,F,Family,Yes,Extended,NA,Yes,No,Yes
652,8,M,20-Feb,4,No,10,M,Family,Yes,Extended,NA,Yes,No,Yes
652,8,M,20-Feb,5,No,13,F,Family,Yes,Extended,NA,Yes,No,Yes
610,13,M,20-Feb,1,No,12,M,School,No,Unrelated,NA,Yes,No,Yes
610,13,M,20-Feb,2,No,13,M,School,No,Unrelated,NA,No,No,Yes
901,7,F,20-Feb,1,No,13,M,Family,Yes,Immediate,NA,Yes,No,Yes
901,7,F,20-Feb,2,No,7,F,Neighbors,No,Unrelated,NA,Yes,No,Yes
901,7,F,20-Feb,3,No,7,F,School,No,Unrelated,NA,Yes,No,Yes
901,7,F,20-Feb,4,No,7,F,Neighbors,No,Unrelated,NA,Yes,No,Yes
558,13,F,21-Feb,1,No,13,F,School,No,Unrelated,NA,Yes,No,Yes
558,13,F,21-Feb,2,No,14,M,Neighbors,Yes,Extended,NA,Yes,No,Yes
558,13,F,21-Feb,3,No,14,F,School,No,Unrelated,NA,Yes,No,Yes
558,13,F,21-Feb,4,No,13,F,School,No,Unrelated,NA,No,No,Yes
558,13,F,21-Feb,5,No,13,F,School,No,Unrelated,NA,Yes,No,Yes
558,13,F,21-Feb,6,No,13,M,School,No,Unrelated,NA,No,No,Yes
558,13,F,21-Feb,7,No,13,F,School,No,Unrelated,NA,No,No,Yes
558,13,F,21-Feb,8,No,15,F,School,No,Unrelated,NA,No,Yes,Yes
559,9,F,21-Feb,1,No,Missing,F,Neighbors,No,Unrelated,NA,Yes,No,Yes
697,10,M,21-Feb,1,No,12,M,Recreation,Yes,Extended,NA,Yes,No,Yes
697,10,M,21-Feb,2,No,9,M,Recreation,No,Unrelated,NA,Yes,No,Yes
697,10,M,21-Feb,3,No,11,M,Neighbors,No,Unrelated,NA,Yes,No,Yes
697,10,M,21-Feb,4,No,8,M,Recreation,No,Unrelated,NA,Yes,No,Yes
697,10,M,21-Feb,5,No,7,M,Recreation,No,Unrelated,NA,Yes,No,Yes
697,10,M,21-Feb,6,No,13,M,OutOfTown,Yes,Extended,NA,Yes,No,Yes
697,10,M,21-Feb,7,No,15,M,Family,Yes,Extended,NA,Yes,No,Yes
697,10,M,21-Feb,8,No,15,M,Family,Yes,Extended,NA,Yes,No,Yes
595,13,M,21-Feb,1,No,8,M,School,Yes,Extended,NA,Yes,No,Yes
595,13,M,21-Feb,2,No,13,M,School,Yes,Extended,NA,Yes,No,Yes
596,9,M,21-Feb,1,No,10,M,School,No,Unrelated,NA,Yes,No,Yes
596,9,M,21-Feb,2,No,10,M,School,No,Unrelated,NA,Yes,No,Yes
596,9,M,21-Feb,3,No,9,M,School,No,Unrelated,NA,Yes,No,Yes
596,9,M,21-Feb,4,No,9,M,School,No,Unrelated,NA,Yes,No,Yes
413,16,M,27-Feb,1,No,14,M,Recreation,No,Unrelated,NA,Yes,Yes,Yes
413,16,M,27-Feb,2,No,15,M,Neighbors,No,Unrelated,NA,Yes,No,Yes
413,16,M,27-Feb,3,No,14,M,Neighbors,No,Unrelated,NA,No,No,Yes
413,16,M,27-Feb,4,No,13,M,Recreation,No,Unrelated,NA,Yes,No,Yes
413,16,M,27-Feb,5,No,13,M,Recreation,No,Unrelated,NA,No,No,Yes
413,16,M,27-Feb,6,No,15,F,Recreation,No,Unrelated,NA,Yes,No,Yes
574,14,M,28-Feb,1,No,12,M,Recreation,No,Unrelated,NA,Yes,No,Yes
574,14,M,28-Feb,2,No,14,M,AroundTown,No,Unrelated,NA,No,Yes,Yes
574,14,M,28-Feb,3,No,12,M,School,No,Unrelated,NA,No,No,Yes
683,7,M,28-Feb,1,No,6.5,M,School,No,Unrelated,NA,Yes,Yes,Yes
683,7,M,28-Feb,2,No,6,M,School,No,Unrelated,NA,No,No,Yes
683,7,M,28-Feb,3,No,5,M,School,No,Unrelated,NA,No,Yes,Yes
683,7,M,28-Feb,4,No,6,M,School,No,Unrelated,NA,No,Yes,Yes
683,7,M,28-Feb,5,No,7,M,School,Yes,Extended,NA,Yes,No,Yes
683,7,M,28-Feb,6,No,8,F,School,No,Unrelated,NA,Yes,No,Yes
900,12,M,28-Feb,1,No,11,M,School,No,Unrelated,NA,Yes,No,Yes
900,12,M,28-Feb,2,No,11,M,School,No,Unrelated,NA,No,No,Yes
900,12,M,28-Feb,3,No,12,M,School,No,Unrelated,NA,No,No,Yes
612,15,M,29-Feb,1,No,13,M,School,No,Unrelated,NA,Yes,No,Yes
612,15,M,29-Feb,2,No,14,F,School,No,Unrelated,NA,No,No,Yes
612,15,M,29-Feb,3,No,14,M,School,No,Unrelated,NA,No,No,Yes
612,15,M,29-Feb,4,No,15,F,School,No,Unrelated,NA,No,No,Yes
612,15,M,29-Feb,5,No,13,M,School,No,Unrelated,NA,No,No,Yes
612,15,M,29-Feb,6,No,14,M,School,No,Unrelated,NA,No,No,Yes
612,15,M,29-Feb,7,No,15,F,School,No,Unrelated,NA,No,No,Yes
612,15,M,29-Feb,8,No,13,M,School,No,Unrelated,NA,No,No,Yes
909,9,F,29-Feb,1,No,7,F,Family,Yes,Immediate,NA,No,No,Yes
909,9,F,29-Feb,2,No,15,M,Family,Yes,Immediate,NA,No,No,Yes
909,9,F,29-Feb,3,Yes,Adult,M,Family,Yes,Immediate,NA,No,No,Yes
909,9,F,29-Feb,4,No,9,F,School,No,Unrelated,NA,Yes,No,Yes
908,7,F,29-Feb,1,No,7,M,School,No,Unrelated,NA,No,No,Yes
908,7,F,29-Feb,2,No,9,F,School,No,Unrelated,NA,No,No,Yes
908,7,F,29-Feb,3,No,9,F,School,No,Unrelated,NA,Yes,No,Yes
908,7,F,29-Feb,4,No,10,M,School,No,Unrelated,NA,Yes,No,Yes
405,15,M,29-Feb,1,No,14,M,School,No,Unrelated,NA,No,No,Yes
405,15,M,29-Feb,2,No,16,M,School,Yes,Extended,NA,No,No,Yes
405,15,M,29-Feb,3,No,16,M,School,No,Unrelated,NA,Yes,No,Yes
405,15,M,29-Feb,4,No,15,M,School,No,Unrelated,NA,No,No,Yes
405,15,M,29-Feb,5,No,14,M,School,No,Unrelated,NA,Yes,No,Yes
405,15,M,29-Feb,6,No,15,M,School,No,Unrelated,NA,No,No,Yes
405,15,M,29-Feb,7,No,20,M,AroundTown,No,Unrelated,NA,No,No,Yes
988,13,F,29-Feb,1,No,13,F,School,No,Unrelated,NA,No,No,Yes
988,13,F,29-Feb,2,No,13,F,School,No,Unrelated,NA,No,No,Yes
988,13,F,29-Feb,3,No,14,F,AroundTown,Yes,Extended,NA,Yes,No,Yes
988,13,F,29-Feb,4,No,13,F,School,No,Unrelated,NA,No,No,Yes
988,13,F,29-Feb,5,No,15,F,School,No,Unrelated,NA,No,No,Yes
618,14,M,29-Feb,1,No,14,M,School,No,Unrelated,NA,No,No,Yes
618,14,M,29-Feb,2,No,13,M,Recreation,No,Unrelated,NA,Yes,No,Yes
618,14,M,29-Feb,3,No,15,M,Recreation,Yes,Extended,NA,No,No,Yes
618,14,M,29-Feb,4,No,17,F,School,No,Unrelated,NA,No,No,Yes
618,14,M,29-Feb,5,No,13,M,Recreation,No,Unrelated,NA,No,No,Yes
618,14,M,29-Feb,6,No,14,M,Recreation,No,Unrelated,NA,No,No,Yes
410,11,M,5-Mar,1,No,9,M,AroundTown,No,Unrelated,NA,Yes,No,Yes
410,11,M,5-Mar,2,No,10,M,AroundTown,No,Unrelated,NA,No,No,Yes
410,11,M,5-Mar,3,No,11,M,Recreation,No,Unrelated,NA,No,No,Yes
410,11,M,5-Mar,4,No,12,M,Recreation,No,Unrelated,NA,No,No,Yes
410,11,M,5-Mar,5,No,12,M,Recreation,Yes,Extended,NA,No,No,Yes
936,5,M,5-Mar,1,No,5,M,School,No,Unrelated,NA,No,Yes,Yes
936,5,M,5-Mar,2,No,5,M,School,No,Unrelated,NA,Yes,No,Yes
936,5,M,5-Mar,3,No,9,M,Neighbors,No,Unrelated,NA,No,No,Yes